Login,Senha,Nome,Data de Nascimento,Pronomes,E-mail,Status
joaosilva85,senha123,João Silva,1985-06-15,Ele/Dele,joao.silva@email.com,Ativo
mariaoliveira90,senha456,Maria Oliveira,1990-08-22,Ela/Dela,maria.oliveira@email.com,Inativo
carlossantos78,senha789,Carlos Santos,1978-11-30,Ele/Dele,carlos.santos@email.com,Ativo
anasouza95,senhaabc,Ana Souza,1995-05-10,Ela/Dela,ana.souza@email.com,Ativo
pedrolima82,senhaxyz,Pedro Lima,1982-03-27,Ele/Dele,pedro.lima@email.com,Inativo
julianamendes98,senha321,Juliana Mendes,1998-12-05,Ela/Dela,juliana.mendes@email.com,Ativo
fernandorocha75,senha654,Fernando Rocha,1975-09-18,Ele/Dele,fernando.rocha@email.com,Inativo
lucianaalmeida92,senha987,Luciana Almeida,1992-07-08,Ela/Dela,luciana.almeida@email.com,Ativo
ricardopereira87,senhaqwe,Ricardo Pereira,1987-04-14,Ele/Dele,ricardo.pereira@email.com,Ativo
tatianecosta00,senhaasd,Tatiane Costa,2000-10-21,Ela/Dela,tatiane.costa@email.com,Inativo
andrematos83,senhazxc,André Matos,1983-01-09,Ele/Dele,andre.matos@email.com,Ativo
beatrizramos96,senha567,Beatriz Ramos,1996-06-30,Ela/Dela,beatriz.ramos@email.com,Ativo
gustavonunes81,senha890,Gustavo Nunes,1981-02-17,Ele/Dele,gustavo.nunes@email.com,Inativo
camilaf94,senha234,Camila Ferreira,1994-11-25,Ela/Dela,camila.ferreira@email.com,Ativo
robertot79,senha567,Roberto Teixeira,1979-07-12,Ele/Dele,roberto.teixeira@email.com,Ativo
patriciam01,senha890,Patrícia Moura,2001-03-03,Ela/Dela,patricia.moura@email.com,Inativo
eduardox86,senha1234,Eduardo Xavier,1986-12-29,Ele/Dele,eduardo.xavier@email.com,Ativo
larissalopes93,senha4321,Larissa Lopes,1993-05-07,Ela/Dela,larissa.lopes@email.com,Ativo
brunoc80,senha6789,Bruno Carvalho,1980-09-23,Ele/Dele,bruno.carvalho@email.com,Inativo
renatam99,senha9876,Renata Martins,1999-04-16,Ela/Dela,renata.martins@email.com,Ativo
123,123,123,123,123,123@email.com,123
